Asin,Seller Id,Price,Condition,Delivery,Seller,Rating
B01J61VL9W,,$9.84,New,"","",""
B07H4V7M4C
0345535529,A1UFMIUYYGCEEY,$20.00,Used - Good,"CA, United States.",LA Juice,""
0345535529,A1OKRP3QISEB2V,$22.82,Used - Very Good,"TX, United States.",Three Ships,""
0345535529,A23JQ9YN78PR2T,$27.97,Used - Good,"",thebookbunny72,94
0345535529,A18M87EIBCSR0,$27.97,Used - Good,"",2nd Life Aloha,94
0345535529,A31DDW1M9JCPTT,$27.99,Used - Very Good,"",Unique Treasures Store,99
0345535529,A3QUK0SM990VXD,$28.00,Used - Very Good,"",jcpauliemedia,87
0345535529,A188R0V2OZL7GJ,$30.13,New,"",TwinLine Shops,96
0345535529,A3AWSTQQU3ICV4,$26.89,Used - Very Good,"CO, United States.",ColoTreasures,86
0345535529,A1VFDIPOKTOXTK,$27.77,Used - Good,"HI, United States.",OurHoneymoonFunds,95
0345535529,A2MDRVA05YKSYZ,$31.49,Used - Good,"NM, United States.",Mission Valley,86
0345535529,A2J6SFRENKCMHH,$38.78,Used - Very Good,"",Tooken Books,98
0345535529,A66REUIM3OMP6,$32.30,Used - Good,United Kingdom.                Learn more about import fees and international shipping time.,WeBuyBooks-UK,94
0345535529,ARQBFZZVKPEDR,$40.00,New,"CA, United States.",A1 Cleaning Supplies,94
0345535529,A1YHM6FWCFH9E4,$40.00,New,"MO, United States.",Serenity Tree,""
0345535529,A1I3206CX8JR31,$40.75,Used - Very Good,"",Bargain-Book-Depot,82
0345535529,A3F9RG8498JSW1,$29.95,Collectible - Like New,"MD, United States.",WonderBook,97
0345535529,A2GASK2PTYYSH0,$33.50,New,"IL, United States.",Windy Books,76
0345535529,A3KIQADTXJCT57,$59.99,Collectible - Like New,"CA, United States.",K K Media,88
0345535529,AHNEEZ9CVAP3Q,$32.80,Used - Like New,"MD, United States.",---SuperBookDeals,78
0345535529,AAUBJ67OMMFSP,$19.59,Used - Good,"UT, United States.",invisibledogg,93
0345535529,AHNEEZ9CVAP3Q,$34.61,New,"MD, United States.",---SuperBookDeals,78
0345535529,A9FCEU91WV66,$70.00,New,"MA, United States.",Shopping.Made.Easy,85
0345535529,A283TTWDRKKRZY,$60.65,New,"DE, United States.",InfiniteBooks_USA,88
0345535529,A2QEPRUZFGPPHU,$48.92,Used - Very Good,"PA, United States.",Booksmart14,81
0345535529,A702DKZHW902F,$48.92,Used - Very Good,"PA, United States.",PhillyBooks21,87
0345535529,AHTGP8EYLJFXN,$49.92,New,"PA, United States.",PHILLY - MART,84
0345535529,A2QEPRUZFGPPHU,$49.92,New,"PA, United States.",Booksmart14,81
0345535529,A1MYLW43COQ2KW,$49.92,New,"PA, United States.",Zoom-Deals,85
0345535529,A38XSKNDQCNCR2,$49.92,New,"PA, United States.",BOOK- STORE,90
0345535529,A4L5TEXAQZ0BL,$49.92,New,"PA, United States.",Good For Readers,90
0345535529,A702DKZHW902F,$49.92,New,"PA, United States.",PhillyBooks21,87
0345535529,A234TO7E4DW0JY,$49.92,New,"PA, United States.",BooksfromUSA,91
0345535529,A3CIFVE6CJNHO,$73.93,New,Germany.                Learn more about import fees and international shipping time.,Agrios,89
0345535529,A2OMGVG4337Z2A,$36.76,New,"NJ, United States.",booksXpress,77
0345535529,AE5BRYIX072IS,$63.41,New,United Kingdom.                Learn more about import fees and international shipping time.,Bahamut Media,83
0345535529,AAE5SU76RYVA,$34.79,New,"VA, United States.",swati21,58
0345535529,A1HH0W5U2WKCS5,$39.00,Used - Good,"MI, United States.",uniquebooksplus,94
0345535529,A1U7Q74I11LMI0,$47.00,New,"FL, United States.",californiabooks,92
0345535529,A1U7Q74I11LMI0,$52.00,Used - Like New,"FL, United States.",californiabooks,92
0345535529,AAE5SU76RYVA,$49.95,Used - Like New,"VA, United States.",swati21,58
0345535529,A18M87EIBCSR0,$37.50,Used - Acceptable,"",2nd Life Aloha,94
0345535529,A18M87EIBCSR0,$50.00,Used - Acceptable,"",2nd Life Aloha,94
0345535529,AAUBJ67OMMFSP,$19.69,Used - Acceptable,"UT, United States.",invisibledogg,93
0345535529,AAUBJ67OMMFSP,$19.69,Used - Acceptable,"UT, United States.",invisibledogg,93
0345535529,A702DKZHW902F,$49.42,Used - Like New,"PA, United States.",PhillyBooks21,87
0345535529,A2QEPRUZFGPPHU,$49.42,Used - Like New,"PA, United States.",Booksmart14,81
0345535529,A283TTWDRKKRZY,$65.51,New,"DE, United States.",InfiniteBooks_USA,88
0345535529,A3P2MFQFV6AWMY,$56.11,New,"WA, United States.",booksco_wa,76
0345535529,A3P2MFQFV6AWMY,$58.31,New,"WA, United States.",booksco_wa,76
0345535529,A3P2MFQFV6AWMY,$69.08,New,"WA, United States.",booksco_wa,76
0345535529,AAUBJ67OMMFSP,$19.69,Used - Acceptable,"UT, United States.",invisibledogg,93
