Id,Title,Rating,Reviews,Image Url,Price
45761465,Game of Thrones Leather-Cloth Boxed Set (Song of Ice and Fire Series),4.7,33,"//i5.walmartimages.com/asr/a098f137-47e7-42f7-b76a-a4e622a6c20d_1.54df7d6d59b5357b6705507522e2198b.jpeg?odnWidth=612&odnHeight=612&odnBg=ffffff 1x, //i5.walmartimages.com/asr/a098f137-47e7-42f7-b76a-a4e622a6c20d_1.54df7d6d59b5357b6705507522e2198b.jpeg?odnWidth=1000&odnHeight=1000&odnBg=ffffff 2x",$70.48
794051,A Clash of Kings : A Song of Ice and Fire: Book Two,4.3,227,"//i5.walmartimages.com/asr/a9c14a33-2588-4061-900e-2b87d749cbe9_1.f7e453fc90cd68fb2afba2cce4f93f4b.jpeg?odnWidth=612&odnHeight=612&odnBg=ffffff 1x, //i5.walmartimages.com/asr/a9c14a33-2588-4061-900e-2b87d749cbe9_1.f7e453fc90cd68fb2afba2cce4f93f4b.jpeg?odnWidth=1000&odnHeight=1000&odnBg=ffffff 2x",$9.99
20883823,A Dance with Dragons : A Song of Ice and Fire: Book Five - Mass Market Paperback,0,0,"//i5.walmartimages.com/asr/e63d5803-2f85-4fee-a1dc-4c3f9cee164a.85eb7fa894b3e43ec48d138dfb594724.jpeg?odnWidth=612&odnHeight=612&odnBg=ffffff 1x, //i5.walmartimages.com/asr/e63d5803-2f85-4fee-a1dc-4c3f9cee164a.85eb7fa894b3e43ec48d138dfb594724.jpeg?odnWidth=1000&odnHeight=1000&odnBg=ffffff 2x",$9.18
402949,A Game of Thrones : A Song of Ice and Fire: Book One,4.3,456,"//i5.walmartimages.com/asr/f78dab81-b947-4a65-9698-10945b8067e1_1.65a3fcfa928482b264e9555328cf90d5.jpeg?odnWidth=612&odnHeight=612&odnBg=ffffff 1x, //i5.walmartimages.com/asr/f78dab81-b947-4a65-9698-10945b8067e1_1.65a3fcfa928482b264e9555328cf90d5.jpeg?odnWidth=1000&odnHeight=1000&odnBg=ffffff 2x",$7.27
8831306,A Dance with Dragons : A Song of Ice and Fire: Book Five - Hardcover,4.0,205,"//i5.walmartimages.com/asr/97b0784d-a4f6-40c5-bfe2-73ace2d9013d_1.80f8bf50b53def296d2e8c637cf40beb.jpeg?odnWidth=612&odnHeight=612&odnBg=ffffff 1x, //i5.walmartimages.com/asr/97b0784d-a4f6-40c5-bfe2-73ace2d9013d_1.80f8bf50b53def296d2e8c637cf40beb.jpeg?odnWidth=1000&odnHeight=1000&odnBg=ffffff 2x",$24.77
13315051,A Game of Thrones (HBO Tie-in Edition) : A Song of Ice and Fire: Book One,4.3,458,"//i5.walmartimages.com/asr/5b6e72e2-20f7-4984-b155-810abfda13b2_1.d68d1412dc0696b2421d0963b5a82f9d.jpeg?odnWidth=612&odnHeight=612&odnBg=ffffff 1x, //i5.walmartimages.com/asr/5b6e72e2-20f7-4984-b155-810abfda13b2_1.d68d1412dc0696b2421d0963b5a82f9d.jpeg?odnWidth=1000&odnHeight=1000&odnBg=ffffff 2x",$9.99
814985,A Storm of Swords : A Song of Ice and Fire: Book Three,4.6,203,"//i5.walmartimages.com/asr/392e500b-3db8-4401-8594-2a4b5991a7a9_1.3e8a8e96ed89ab853da0385a00d38f34.jpeg?odnWidth=612&odnHeight=612&odnBg=ffffff 1x, //i5.walmartimages.com/asr/392e500b-3db8-4401-8594-2a4b5991a7a9_1.3e8a8e96ed89ab853da0385a00d38f34.jpeg?odnWidth=1000&odnHeight=1000&odnBg=ffffff 2x",$24.85
5664513,A Feast for Crows : A Song of Ice and Fire: Book Four,3.8,213,"//i5.walmartimages.com/asr/15d09ea1-04cc-43b0-89c8-05e09aa8e179_1.4216aeaf23e1f5c30ab8f0ceded096ce.jpeg?odnWidth=612&odnHeight=612&odnBg=ffffff 1x, //i5.walmartimages.com/asr/15d09ea1-04cc-43b0-89c8-05e09aa8e179_1.4216aeaf23e1f5c30ab8f0ceded096ce.jpeg?odnWidth=1000&odnHeight=1000&odnBg=ffffff 2x",$14.95
2013260,A Storm of Swords : A Song of Ice and Fire: Book Three - Paperback,4.6,202,"//i5.walmartimages.com/asr/2f237128-0197-4dc9-9161-a4406d6d3b26_1.10666aca4904b69363c7651fd530a4a0.jpeg?odnWidth=612&odnHeight=612&odnBg=ffffff 1x, //i5.walmartimages.com/asr/2f237128-0197-4dc9-9161-a4406d6d3b26_1.10666aca4904b69363c7651fd530a4a0.jpeg?odnWidth=1000&odnHeight=1000&odnBg=ffffff 2x",$6.39
1736337,A Game of Thrones : A Song of Ice and Fire: Book One - Hardcover,4.3,467,"//i5.walmartimages.com/asr/ac2f5508-245a-4c14-9821-a06a324fe0a2_1.a9c312d32902c17f7786af968ce71867.jpeg?odnWidth=612&odnHeight=612&odnBg=ffffff 1x, //i5.walmartimages.com/asr/ac2f5508-245a-4c14-9821-a06a324fe0a2_1.a9c312d32902c17f7786af968ce71867.jpeg?odnWidth=1000&odnHeight=1000&odnBg=ffffff 2x",$25.22
13315057,A Game of Thrones (HBO Tie-in Edition) : A Song of Ice and Fire: Book One,4.3,456,"//i5.walmartimages.com/asr/2a111cb3-ec0e-4221-aa83-dc0dac4db29e_3.0119cfe0eb437d9e0e6cef6698471898.jpeg?odnWidth=612&odnHeight=612&odnBg=ffffff 1x, //i5.walmartimages.com/asr/2a111cb3-ec0e-4221-aa83-dc0dac4db29e_3.0119cfe0eb437d9e0e6cef6698471898.jpeg?odnWidth=1000&odnHeight=1000&odnBg=ffffff 2x",$14.95
624833,A Clash of Kings : A Song of Ice and Fire: Book Two,4.3,225,"//i5.walmartimages.com/asr/d6b77449-2d92-47d1-9361-65e4ce7375f2_1.b1a6963bddb0da74890d0121d0d32345.jpeg?odnWidth=612&odnHeight=612&odnBg=ffffff 1x, //i5.walmartimages.com/asr/d6b77449-2d92-47d1-9361-65e4ce7375f2_1.b1a6963bddb0da74890d0121d0d32345.jpeg?odnWidth=1000&odnHeight=1000&odnBg=ffffff 2x",$24.77
4644701,A Feast for Crows : A Song of Ice and Fire: Book Four,3.8,218,"//i5.walmartimages.com/asr/c6ccf6e2-680e-4c60-910a-c2c99605b36d_1.8f241edd46b3f2c3b4b9bfb25c2cc37a.jpeg?odnWidth=612&odnHeight=612&odnBg=ffffff 1x, //i5.walmartimages.com/asr/c6ccf6e2-680e-4c60-910a-c2c99605b36d_1.8f241edd46b3f2c3b4b9bfb25c2cc37a.jpeg?odnWidth=1000&odnHeight=1000&odnBg=ffffff 2x",$9.99
818679226,A Clash of Kings: A Song of Ice and Fire: Book Two - Hardcover,4.3,227,,$19.08
175295702,Song of Ice and Fire: A Feast for Crows (Hardcover),3.8,211,"//i5.walmartimages.com/asr/25c376ab-b62a-4a3f-9007-f793dc6a9d65.526d0bf4d5564c698acf544e27f9773b.jpeg?odnWidth=612&odnHeight=612&odnBg=ffffff 1x, //i5.walmartimages.com/asr/25c376ab-b62a-4a3f-9007-f793dc6a9d65.526d0bf4d5564c698acf544e27f9773b.jpeg?odnWidth=1000&odnHeight=1000&odnBg=ffffff 2x",$20.80
881792497,A Game of Thrones (Reissue) (A Song of Ice and Fire Book 1) (Paperback),4.3,454,"//i5.walmartimages.com/asr/0959c826-727d-4634-998e-83ee2efd9bd8_1.c501c7eadd5d96c468a2199126429af5.jpeg?odnWidth=612&odnHeight=612&odnBg=ffffff 1x, //i5.walmartimages.com/asr/0959c826-727d-4634-998e-83ee2efd9bd8_1.c501c7eadd5d96c468a2199126429af5.jpeg?odnWidth=1000&odnHeight=1000&odnBg=ffffff 2x",$18.82
880044193,Song of Ice and Fire: A Storm of Swords (Paperback),3.9,12,"//i5.walmartimages.com/asr/e7e5bc99-7c7d-4eb6-98be-874f9d821f99.2efb0282ed4b9180ae6a9bf0bd2e5270.jpeg?odnWidth=612&odnHeight=612&odnBg=ffffff 1x, //i5.walmartimages.com/asr/e7e5bc99-7c7d-4eb6-98be-874f9d821f99.2efb0282ed4b9180ae6a9bf0bd2e5270.jpeg?odnWidth=1000&odnHeight=1000&odnBg=ffffff 2x",$14.25
20664829,Game of Thrones Paperback Boxed Set (Mass Market Paperback),4.7,111,"//i5.walmartimages.com/asr/eb294d83-46cf-428a-ae8d-6760be2a5bd5_1.dcd75cf95cfa86c105e001f38bff031d.jpeg?odnWidth=612&odnHeight=612&odnBg=ffffff 1x, //i5.walmartimages.com/asr/eb294d83-46cf-428a-ae8d-6760be2a5bd5_1.dcd75cf95cfa86c105e001f38bff031d.jpeg?odnWidth=1000&odnHeight=1000&odnBg=ffffff 2x",$30.13
645826317,Song of Ice and Fire: A Dance with Dragons (Paperback),3.7,9,"//i5.walmartimages.com/asr/49659e3a-12f6-49ec-b8c9-aa37abab95c6.2379a5457293d322d91c55d50e114109.jpeg?odnWidth=612&odnHeight=612&odnBg=ffffff 1x, //i5.walmartimages.com/asr/49659e3a-12f6-49ec-b8c9-aa37abab95c6.2379a5457293d322d91c55d50e114109.jpeg?odnWidth=1000&odnHeight=1000&odnBg=ffffff 2x",$14.35
327255969,A Clash of Kings: The Illustrated Edition : A Song of Ice and Fire: Book Two,0,0,"//i5.walmartimages.com/asr/db169093-1015-4497-a77e-f9a6b31774b4_2.ad2eacf335a1614ceac119c9fd128a94.jpeg?odnWidth=612&odnHeight=612&odnBg=ffffff 1x, //i5.walmartimages.com/asr/db169093-1015-4497-a77e-f9a6b31774b4_2.ad2eacf335a1614ceac119c9fd128a94.jpeg?odnWidth=1000&odnHeight=1000&odnBg=ffffff 2x",$27.67
740958905,A Dance With Dragons: Part 2 After the Feast (A Song of Ice and Fire Book 5) (Paperback),4.5,6,"//i5.walmartimages.com/asr/e6695225-3a6b-4352-a4e9-7b6d48399330_1.dedb7a0d8b8a7afb1c5b7942ecbb85dd.jpeg?odnWidth=612&odnHeight=612&odnBg=ffffff 1x, //i5.walmartimages.com/asr/e6695225-3a6b-4352-a4e9-7b6d48399330_1.dedb7a0d8b8a7afb1c5b7942ecbb85dd.jpeg?odnWidth=1000&odnHeight=1000&odnBg=ffffff 2x",$16.84
17799768,A Clash of Kings (HBO Tie-in Edition) : A Song of Ice and Fire: Book Two,4.3,224,"//i5.walmartimages.com/asr/3654d684-af87-4993-8f27-5a1ffec3c6a4.33df027de2041c4abacaa01f5b9c8e2d.jpeg?odnWidth=612&odnHeight=612&odnBg=ffffff 1x, //i5.walmartimages.com/asr/3654d684-af87-4993-8f27-5a1ffec3c6a4.33df027de2041c4abacaa01f5b9c8e2d.jpeg?odnWidth=1000&odnHeight=1000&odnBg=ffffff 2x",$9.37
338858699,Song of Ice and Fire: A Feast for Crows Book 4 of a Song of Ice and Fire (Paperback),3.8,211,"//i5.walmartimages.com/asr/2b044b3b-79c1-4567-ab85-7579d855bd5f.29dec67dbdccc85ba2be1079bf335ae7.jpeg?odnWidth=612&odnHeight=612&odnBg=ffffff 1x, //i5.walmartimages.com/asr/2b044b3b-79c1-4567-ab85-7579d855bd5f.29dec67dbdccc85ba2be1079bf335ae7.jpeg?odnWidth=1000&odnHeight=1000&odnBg=ffffff 2x",$20.07
32980800,A Feast for Crows (HBO Tie-in Edition): A Song of Ice and Fire: Book Four,3.8,211,"//i5.walmartimages.com/asr/d48c33a7-b661-4968-be6f-8c600f24b569_1.b0cdba71dc7a56ff254f983cbab8a89e.jpeg?odnWidth=612&odnHeight=612&odnBg=ffffff 1x, //i5.walmartimages.com/asr/d48c33a7-b661-4968-be6f-8c600f24b569_1.b0cdba71dc7a56ff254f983cbab8a89e.jpeg?odnWidth=1000&odnHeight=1000&odnBg=ffffff 2x",$9.99
23268184,A Storm of Swords (HBO Tie-in Edition): A Song of Ice and Fire: Book Three,4.6,199,"//i5.walmartimages.com/asr/c5ea800b-3a2e-4b57-909d-f46078e11a9f_1.d67da7a7da90b8c0abf9030c36bd75f7.jpeg?odnWidth=612&odnHeight=612&odnBg=ffffff 1x, //i5.walmartimages.com/asr/c5ea800b-3a2e-4b57-909d-f46078e11a9f_1.d67da7a7da90b8c0abf9030c36bd75f7.jpeg?odnWidth=1000&odnHeight=1000&odnBg=ffffff 2x",$15.64
42336348,A Dance with Dragons (HBO Tie-in Edition): A Song of Ice and Fire: Book Five : A Novel,3.8,176,"//i5.walmartimages.com/asr/b7a3dab9-46db-4d0d-bfec-a46b6d1135c0_1.3ba7a9a48aaa6bef665613ba966fede3.jpeg?odnWidth=612&odnHeight=612&odnBg=ffffff 1x, //i5.walmartimages.com/asr/b7a3dab9-46db-4d0d-bfec-a46b6d1135c0_1.3ba7a9a48aaa6bef665613ba966fede3.jpeg?odnWidth=1000&odnHeight=1000&odnBg=ffffff 2x",$9.99
519297688,Song of Ice and Fire: A Storm of Swords Blood and Gold (Paperback),4.5,16,"//i5.walmartimages.com/asr/54cc66ad-4188-438d-b31f-d49e9f0c0d12.8403a0f0843df3cced6464a2422aa823.jpeg?odnWidth=612&odnHeight=612&odnBg=ffffff 1x, //i5.walmartimages.com/asr/54cc66ad-4188-438d-b31f-d49e9f0c0d12.8403a0f0843df3cced6464a2422aa823.jpeg?odnWidth=1000&odnHeight=1000&odnBg=ffffff 2x",$17.66
23268185,A Storm of Swords (HBO Tie-in Edition): A Song of Ice and Fire: Book Three,4.6,199,"//i5.walmartimages.com/asr/1135b293-dda2-4a5e-b827-87ed6f92d5af_1.043b6ba44c7763911bd884ff3d3abe87.jpeg?odnWidth=612&odnHeight=612&odnBg=ffffff 1x, //i5.walmartimages.com/asr/1135b293-dda2-4a5e-b827-87ed6f92d5af_1.043b6ba44c7763911bd884ff3d3abe87.jpeg?odnWidth=1000&odnHeight=1000&odnBg=ffffff 2x",$9.99
177003599,A Clash of Kings (A Song of Ice and Fire Book 2) (Paperback),4.2,223,"//i5.walmartimages.com/asr/e7de40c4-abe6-4f40-8a9e-3a4c4c3e30c7_1.89408176232c819306554fbec76b7926.jpeg?odnWidth=612&odnHeight=612&odnBg=ffffff 1x, //i5.walmartimages.com/asr/e7de40c4-abe6-4f40-8a9e-3a4c4c3e30c7_1.89408176232c819306554fbec76b7926.jpeg?odnWidth=1000&odnHeight=1000&odnBg=ffffff 2x",$20.44
184939275,Song of Ice and Fire: Game of Thrones (Hardcover),4.3,454,"//i5.walmartimages.com/asr/e7a4ab40-823f-4a7f-adff-2d328b76725e_1.2390ef7f07fbfde5b997758e269128db.jpeg?odnWidth=612&odnHeight=612&odnBg=ffffff 1x, //i5.walmartimages.com/asr/e7a4ab40-823f-4a7f-adff-2d328b76725e_1.2390ef7f07fbfde5b997758e269128db.jpeg?odnWidth=1000&odnHeight=1000&odnBg=ffffff 2x",$18.97
156194130,Song of Ice and Fire: Dance with Dragons (Hardcover),3.8,176,"//i5.walmartimages.com/asr/324783b4-6786-4da0-9e48-a937f009dccb_1.8053a7e633b16612899ecdb89570efc1.jpeg?odnWidth=612&odnHeight=612&odnBg=ffffff 1x, //i5.walmartimages.com/asr/324783b4-6786-4da0-9e48-a937f009dccb_1.8053a7e633b16612899ecdb89570efc1.jpeg?odnWidth=1000&odnHeight=1000&odnBg=ffffff 2x",$19.07
40569655,Mastering the Game of Thrones: Essays on George R.R. Martin's a Song of Ice and Fire (Paperback),0,0,"//i5.walmartimages.com/asr/56156d00-7b2f-47ef-b1c7-2d965abb4bd9.a984a1c1d3e6fbc612bbb3e4387e75e2.jpeg?odnWidth=612&odnHeight=612&odnBg=ffffff 1x, //i5.walmartimages.com/asr/56156d00-7b2f-47ef-b1c7-2d965abb4bd9.a984a1c1d3e6fbc612bbb3e4387e75e2.jpeg?odnWidth=1000&odnHeight=1000&odnBg=ffffff 2x",$24.38
42336347,A Dance with Dragons (HBO Tie-in Edition): A Song of Ice and Fire: Book Five : A Novel,3.8,176,"//i5.walmartimages.com/asr/bfee116e-d04a-4fe4-9432-5a6328981397_1.4a383ba9fb7c9c278c56d67d3d575ced.jpeg?odnWidth=612&odnHeight=612&odnBg=ffffff 1x, //i5.walmartimages.com/asr/bfee116e-d04a-4fe4-9432-5a6328981397_1.4a383ba9fb7c9c278c56d67d3d575ced.jpeg?odnWidth=1000&odnHeight=1000&odnBg=ffffff 2x",$15.42
982631974,A Game of Thrones (A Song of Ice and Fire Book 1) (Paperback),4.3,454,"//i5.walmartimages.com/asr/8d311203-a47f-4bf6-87d3-caacb0c1c1cb_1.b9e2386cbf31601c97457afc2983098d.jpeg?odnWidth=612&odnHeight=612&odnBg=ffffff 1x, //i5.walmartimages.com/asr/8d311203-a47f-4bf6-87d3-caacb0c1c1cb_1.b9e2386cbf31601c97457afc2983098d.jpeg?odnWidth=1000&odnHeight=1000&odnBg=ffffff 2x",$19.82
380212081,The World of Ice and Fire: The Untold History of Westeros and the Game of Thrones (Song of Ice & Fire) (Hardcover),3.8,12,"//i5.walmartimages.com/asr/0630c4a2-4a64-4936-b309-84d251a99fae.460963ad5bb0fe38213f196e3b4fce7e.jpeg?odnWidth=612&odnHeight=612&odnBg=ffffff 1x, //i5.walmartimages.com/asr/0630c4a2-4a64-4936-b309-84d251a99fae.460963ad5bb0fe38213f196e3b4fce7e.jpeg?odnWidth=1000&odnHeight=1000&odnBg=ffffff 2x",$47.82
19419824,Beyond the Wall: Exploring George R. R. Martin's a Song of Ice and Fire (Paperback),5.0,4,"//i5.walmartimages.com/asr/1094e21b-c592-4010-ac9a-f0ac8d6eb803.fdb0fcae977e52616f0f761cadb61608.jpeg?odnWidth=612&odnHeight=612&odnBg=ffffff 1x, //i5.walmartimages.com/asr/1094e21b-c592-4010-ac9a-f0ac8d6eb803.fdb0fcae977e52616f0f761cadb61608.jpeg?odnWidth=1000&odnHeight=1000&odnBg=ffffff 2x",$13.08
32980799,A Feast for Crows (HBO Tie-in Edition): A Song of Ice and Fire: Book Four,0,0,"//i5.walmartimages.com/asr/cc2bf7e7-1248-4565-b9ad-857bb4d4fa42_1.9bd427815491f6f34726147818326045.jpeg?odnWidth=612&odnHeight=612&odnBg=ffffff 1x, //i5.walmartimages.com/asr/cc2bf7e7-1248-4565-b9ad-857bb4d4fa42_1.9bd427815491f6f34726147818326045.jpeg?odnWidth=1000&odnHeight=1000&odnBg=ffffff 2x",$15.14
714938162,A Dance With Dragons: Part 2 After the Feast (A Song of Ice and Fire Book 5) (Paperback),4.5,6,"//i5.walmartimages.com/asr/5bc3ba3f-fb2a-49a7-82e3-6fdf5f9474ab.8e31e1015be011447e5bf8aa2b79583a.jpeg?odnWidth=612&odnHeight=612&odnBg=ffffff 1x, //i5.walmartimages.com/asr/5bc3ba3f-fb2a-49a7-82e3-6fdf5f9474ab.8e31e1015be011447e5bf8aa2b79583a.jpeg?odnWidth=1000&odnHeight=1000&odnBg=ffffff 2x",$16.54
51799094,A Game of Thrones: The Illustrated Edition : A Song of Ice and Fire: Book One,4.3,456,"//i5.walmartimages.com/asr/32972475-32a2-44e4-8e33-0821d4703de3_1.3fe5fd84d9507c71205cf4982747048a.jpeg?odnWidth=612&odnHeight=612&odnBg=ffffff 1x, //i5.walmartimages.com/asr/32972475-32a2-44e4-8e33-0821d4703de3_1.3fe5fd84d9507c71205cf4982747048a.jpeg?odnWidth=1000&odnHeight=1000&odnBg=ffffff 2x",$33.27
467498913,A Clash of Kings (Reissue) (A Song of Ice and Fire Book 2) (Paperback),4.2,223,"//i5.walmartimages.com/asr/d24b4e1c-18bc-488d-ae8a-1dd3b956c283_1.bbdc8401e2c077eec092d30e7ab06668.jpeg?odnWidth=612&odnHeight=612&odnBg=ffffff 1x, //i5.walmartimages.com/asr/d24b4e1c-18bc-488d-ae8a-1dd3b956c283_1.bbdc8401e2c077eec092d30e7ab06668.jpeg?odnWidth=1000&odnHeight=1000&odnBg=ffffff 2x",$20.13
19533315,A Storm of Swords : A Song of Ice and Fire: Book Three,4.6,200,"//i5.walmartimages.com/asr/a01ceb1e-306e-4a44-a1b6-5bc99aff4270_1.17cf1c0719193b4744ace4286435d227.jpeg?odnWidth=612&odnHeight=612&odnBg=ffffff 1x, //i5.walmartimages.com/asr/a01ceb1e-306e-4a44-a1b6-5bc99aff4270_1.17cf1c0719193b4744ace4286435d227.jpeg?odnWidth=1000&odnHeight=1000&odnBg=ffffff 2x",$57.81
170511939,Song of Ice and Fire: A Storm of Swords (Hardcover),4.6,199,"//i5.walmartimages.com/asr/7040006f-0bb5-4825-a2e8-88a60c014ece_1.e85b108455a94bc68f6841b3c5d67444.jpeg?odnWidth=612&odnHeight=612&odnBg=ffffff 1x, //i5.walmartimages.com/asr/7040006f-0bb5-4825-a2e8-88a60c014ece_1.e85b108455a94bc68f6841b3c5d67444.jpeg?odnWidth=1000&odnHeight=1000&odnBg=ffffff 2x",$20.80
633038299,A Dance With Dragons: Part 1 Dreams and Dust (A Song of Ice and Fire Book 5) (Paperback),3.7,9,"//i5.walmartimages.com/asr/91c9f11a-64fe-4a02-abff-c016e9712834_1.763aefaddd8fb246eaf8ce51b8b14ad8.jpeg?odnWidth=612&odnHeight=612&odnBg=ffffff 1x, //i5.walmartimages.com/asr/91c9f11a-64fe-4a02-abff-c016e9712834_1.763aefaddd8fb246eaf8ce51b8b14ad8.jpeg?odnWidth=1000&odnHeight=1000&odnBg=ffffff 2x",$17.33
780118648,A Feast for Crows (A Song of Ice and Fire Book 4) (Paperback),3.8,211,"//i5.walmartimages.com/asr/3685ade6-6ab3-41ef-afd0-c9dd6a6e3872_1.1582550dcea9ca2fbb13084ea572428d.jpeg?odnWidth=612&odnHeight=612&odnBg=ffffff 1x, //i5.walmartimages.com/asr/3685ade6-6ab3-41ef-afd0-c9dd6a6e3872_1.1582550dcea9ca2fbb13084ea572428d.jpeg?odnWidth=1000&odnHeight=1000&odnBg=ffffff 2x",$19.35
17799769,A Clash of Kings (HBO Tie-in Edition) : A Song of Ice and Fire: Book Two,4.2,223,"//i5.walmartimages.com/asr/b6bffa2e-9762-49e3-a0ac-dddd732f228a.d774742145e42672e1b52c836f94498b.jpeg?odnWidth=612&odnHeight=612&odnBg=ffffff 1x, //i5.walmartimages.com/asr/b6bffa2e-9762-49e3-a0ac-dddd732f228a.d774742145e42672e1b52c836f94498b.jpeg?odnWidth=1000&odnHeight=1000&odnBg=ffffff 2x",$14.95
19223764,A Clash of Kings (HBO Tie-in Edition) : A Song of Ice and Fire: Book Two,4.2,223,"//i5.walmartimages.com/asr/20ba60a0-3e30-4814-b219-8cc6d53fcb75_1.3d5becf5b86c0fc0ba77bb6af9ed6c89.jpeg?odnWidth=612&odnHeight=612&odnBg=ffffff 1x, //i5.walmartimages.com/asr/20ba60a0-3e30-4814-b219-8cc6d53fcb75_1.3d5becf5b86c0fc0ba77bb6af9ed6c89.jpeg?odnWidth=1000&odnHeight=1000&odnBg=ffffff 2x",$47.22
14926128,A Game of Thrones : A Song of Ice and Fire: Book One,4.3,455,"//i5.walmartimages.com/asr/eb059004-bbe0-4d93-9831-0b45c2ee5fe7_1.e775b861b3e62bd9557163c77a58da2e.jpeg?odnWidth=612&odnHeight=612&odnBg=ffffff 1x, //i5.walmartimages.com/asr/eb059004-bbe0-4d93-9831-0b45c2ee5fe7_1.e775b861b3e62bd9557163c77a58da2e.jpeg?odnWidth=1000&odnHeight=1000&odnBg=ffffff 2x",$30.72
341549674,A Storm of Swords: Part 2 Blood and Gold (A Song of Ice and Fire Book 3) (Paperback),4.5,16,"//i5.walmartimages.com/asr/62da19e6-b4b3-438f-9c5c-d7f46f2aa5dd_1.17b6920bb474124ccd47966f6140d6a9.jpeg?odnWidth=612&odnHeight=612&odnBg=ffffff 1x, //i5.walmartimages.com/asr/62da19e6-b4b3-438f-9c5c-d7f46f2aa5dd_1.17b6920bb474124ccd47966f6140d6a9.jpeg?odnWidth=1000&odnHeight=1000&odnBg=ffffff 2x",$14.09
16897290,A Clash of Kings : A Song of Ice and Fire: Book Two,4.2,223,"//i5.walmartimages.com/asr/2eed0a7b-06bd-4aae-b072-908e97a00d83_1.0226adec3fd90e75d4005aef7ef87067.jpeg?odnWidth=612&odnHeight=612&odnBg=ffffff 1x, //i5.walmartimages.com/asr/2eed0a7b-06bd-4aae-b072-908e97a00d83_1.0226adec3fd90e75d4005aef7ef87067.jpeg?odnWidth=1000&odnHeight=1000&odnBg=ffffff 2x",$39.37
973637236,A Storm of Swords: Part 1 Steel and Snow (A Song of Ice and Fire Book 3) (Paperback),3.9,12,"//i5.walmartimages.com/asr/a1e2fe61-461f-4198-ae01-08fd5a9b77d1_1.c1157081ac05099a61c94ecfd38da28d.jpeg?odnWidth=612&odnHeight=612&odnBg=ffffff 1x, //i5.walmartimages.com/asr/a1e2fe61-461f-4198-ae01-08fd5a9b77d1_1.c1157081ac05099a61c94ecfd38da28d.jpeg?odnWidth=1000&odnHeight=1000&odnBg=ffffff 2x",$14.08
853234454,A Song of Ice and Fire Roleplaying Narrator's Kit,0,0,"//i5.walmartimages.com/asr/f2f733e9-4c2f-4c88-bbe0-f833af1e7824_1.30877e717d014492d030a41977de9eac.jpeg?odnWidth=612&odnHeight=612&odnBg=ffffff 1x, //i5.walmartimages.com/asr/f2f733e9-4c2f-4c88-bbe0-f833af1e7824_1.30877e717d014492d030a41977de9eac.jpeg?odnWidth=1000&odnHeight=1000&odnBg=ffffff 2x",$28.70
293281605,A Dance With Dragons (A Song of Ice and Fire Book 5) (Hardcover),3.8,176,"//i5.walmartimages.com/asr/02cbf44f-e999-4763-9343-415f12527f76_1.223551c9501431cb6507bd29546290aa.jpeg?odnWidth=612&odnHeight=612&odnBg=ffffff 1x, //i5.walmartimages.com/asr/02cbf44f-e999-4763-9343-415f12527f76_1.223551c9501431cb6507bd29546290aa.jpeg?odnWidth=1000&odnHeight=1000&odnBg=ffffff 2x",$41.40
19589090,A Feast for Crows : A Song of Ice and Fire: Book Four,3.8,213,"//i5.walmartimages.com/asr/22af3815-7041-42e6-a6ea-edd613593443_1.e6d65dac615001620dda7d0da0f65f68.jpeg?odnWidth=612&odnHeight=612&odnBg=ffffff 1x, //i5.walmartimages.com/asr/22af3815-7041-42e6-a6ea-edd613593443_1.e6d65dac615001620dda7d0da0f65f68.jpeg?odnWidth=1000&odnHeight=1000&odnBg=ffffff 2x",$53.99
481732249,Chivalry in Westeros: The Knightly Code of a Song of Ice and Fire (Paperback),0,0,"//i5.walmartimages.com/asr/00241ca2-6762-4339-8bc0-98672693827b.f1f7c56267d5f2bdf5778131e4f874ff.jpeg?odnWidth=612&odnHeight=612&odnBg=ffffff 1x, //i5.walmartimages.com/asr/00241ca2-6762-4339-8bc0-98672693827b.f1f7c56267d5f2bdf5778131e4f874ff.jpeg?odnWidth=1000&odnHeight=1000&odnBg=ffffff 2x",$34.36
10093920,A Dance with Dragons : A Song of Ice and Fire: Book Five,3.8,176,"//i5.walmartimages.com/asr/335c1a2e-0540-4f13-a7f8-c69048331497_1.4b0e46a302382657834a820df84c0b38.jpeg?odnWidth=612&odnHeight=612&odnBg=ffffff 1x, //i5.walmartimages.com/asr/335c1a2e-0540-4f13-a7f8-c69048331497_1.4b0e46a302382657834a820df84c0b38.jpeg?odnWidth=1000&odnHeight=1000&odnBg=ffffff 2x",$50.36
414439890,A Song of Ice and Fire 2021 Calendar (Other),0,0,"//i5.walmartimages.com/asr/1b26190c-a020-4452-b52a-36785ae14c71_1.de69308daf09ec4ebf7be3297467da41.jpeg?odnWidth=612&odnHeight=612&odnBg=ffffff 1x, //i5.walmartimages.com/asr/1b26190c-a020-4452-b52a-36785ae14c71_1.de69308daf09ec4ebf7be3297467da41.jpeg?odnWidth=1000&odnHeight=1000&odnBg=ffffff 2x",$16.20
278777281,Queenship and Power: Queenship and the Women of Westeros: Female Agency and Advice in Game of Thrones and a Song of Ice and Fire (Hardcover),0,0,"//i5.walmartimages.com/asr/2aa4ec8f-9d46-4d6e-9fb5-60e55331b55f.347970efeed8db6f5f50a42ca8dcc1db.jpeg?odnWidth=612&odnHeight=612&odnBg=ffffff 1x, //i5.walmartimages.com/asr/2aa4ec8f-9d46-4d6e-9fb5-60e55331b55f.347970efeed8db6f5f50a42ca8dcc1db.jpeg?odnWidth=1000&odnHeight=1000&odnBg=ffffff 2x",$54.81
456702615,Medievalism: Medievalism in a Song of Ice and Fire and Game of Thrones (Hardcover),0,0,"//i5.walmartimages.com/asr/d6eb9d75-7c2c-41ca-b5e3-f7f401c127ae_1.ead306a9c83e1a3c9c56c7ad24f92047.jpeg?odnWidth=612&odnHeight=612&odnBg=ffffff 1x, //i5.walmartimages.com/asr/d6eb9d75-7c2c-41ca-b5e3-f7f401c127ae_1.ead306a9c83e1a3c9c56c7ad24f92047.jpeg?odnWidth=1000&odnHeight=1000&odnBg=ffffff 2x",$32.36
21133862,A Song of Ice and Fire Campaign Guide: A Game of Thrones Edition,0,0,,$46.63
545851388,Dragon's Hoard: A Song of Ice and Fire Roleplaying Adventure (Other),0,0,"//i5.walmartimages.com/asr/5d7a7ad8-4dbc-4992-bd4a-36a54a4e10d1_1.c2b0c75b44f26303892304543385a1c9.jpeg?odnWidth=612&odnHeight=612&odnBg=ffffff 1x, //i5.walmartimages.com/asr/5d7a7ad8-4dbc-4992-bd4a-36a54a4e10d1_1.c2b0c75b44f26303892304543385a1c9.jpeg?odnWidth=1000&odnHeight=1000&odnBg=ffffff 2x",$46.78
23466143,The World of Ice & Fire : The Untold History of Westeros and the Game of Thrones,4.3,23,"//i5.walmartimages.com/asr/de2969ca-19d8-4fde-a4e3-fad5f155363a.fd444007795bf524e5947b908b9b63cb.jpeg?odnWidth=612&odnHeight=612&odnBg=ffffff 1x, //i5.walmartimages.com/asr/de2969ca-19d8-4fde-a4e3-fad5f155363a.fd444007795bf524e5947b908b9b63cb.jpeg?odnWidth=1000&odnHeight=1000&odnBg=ffffff 2x",$30.51
28980565,A Game of Thrones,4.3,454,"//i5.walmartimages.com/asr/ea70af69-1c64-40b6-a763-9f826fa8b4f0_1.5af700ef53331fb9d9180652989f6230.jpeg?odnWidth=612&odnHeight=612&odnBg=ffffff 1x, //i5.walmartimages.com/asr/ea70af69-1c64-40b6-a763-9f826fa8b4f0_1.5af700ef53331fb9d9180652989f6230.jpeg?odnWidth=1000&odnHeight=1000&odnBg=ffffff 2x",$18.91
953002918,Storm of Swords,4.6,199,"//i5.walmartimages.com/asr/f5bfa2be-0cfe-42df-b2fa-d7a293c95256_1.85705f1446fc9c22397cdeb9b5d69550.jpeg?odnWidth=612&odnHeight=612&odnBg=ffffff 1x, //i5.walmartimages.com/asr/f5bfa2be-0cfe-42df-b2fa-d7a293c95256_1.85705f1446fc9c22397cdeb9b5d69550.jpeg?odnWidth=1000&odnHeight=1000&odnBg=ffffff 2x",$16.57
195110325,Fire & Blood : 300 Years Before A Game of Thrones (A Targaryen History),0,0,"//i5.walmartimages.com/asr/ca618932-a248-41ea-9371-0bfde8781044_1.0f54f6281ba7f1e045a686144ada829c.jpeg?odnWidth=612&odnHeight=612&odnBg=ffffff 1x, //i5.walmartimages.com/asr/ca618932-a248-41ea-9371-0bfde8781044_1.0f54f6281ba7f1e045a686144ada829c.jpeg?odnWidth=1000&odnHeight=1000&odnBg=ffffff 2x",$19.80
605966458,A Clash of Kings,0,0,"//i5.walmartimages.com/asr/b44601b3-0cf8-46b0-a36b-c8f331cfe034_1.ee338bb5c1ea43375415241dcf6d0548.jpeg?odnWidth=612&odnHeight=612&odnBg=ffffff 1x, //i5.walmartimages.com/asr/b44601b3-0cf8-46b0-a36b-c8f331cfe034_1.ee338bb5c1ea43375415241dcf6d0548.jpeg?odnWidth=1000&odnHeight=1000&odnBg=ffffff 2x",$19.05
290623742,A Feast for Crows,3.8,211,"//i5.walmartimages.com/asr/25e0ab13-726e-417d-b6bf-c93046d3ffd0_1.cab6a96b965aeb14e040bc9565cd8401.jpeg?odnWidth=612&odnHeight=612&odnBg=ffffff 1x, //i5.walmartimages.com/asr/25e0ab13-726e-417d-b6bf-c93046d3ffd0_1.cab6a96b965aeb14e040bc9565cd8401.jpeg?odnWidth=1000&odnHeight=1000&odnBg=ffffff 2x",$16.57
45435175,A Knight of the Seven Kingdoms,4.3,21,"//i5.walmartimages.com/asr/410f6df2-b631-4b99-a5cd-353c47adf1ed_1.dcf45638c0a18cf0aa7cd14fa5c3c6d1.jpeg?odnWidth=612&odnHeight=612&odnBg=ffffff 1x, //i5.walmartimages.com/asr/410f6df2-b631-4b99-a5cd-353c47adf1ed_1.dcf45638c0a18cf0aa7cd14fa5c3c6d1.jpeg?odnWidth=1000&odnHeight=1000&odnBg=ffffff 2x",$21.94
248461883,A Knight of the Seven Kingdoms,0,0,"//i5.walmartimages.com/asr/0c0aa04f-b615-4d86-98cf-cc428f3e4a39_1.8593febdac160a75626533731a5af5a6.jpeg?odnWidth=612&odnHeight=612&odnBg=ffffff 1x, //i5.walmartimages.com/asr/0c0aa04f-b615-4d86-98cf-cc428f3e4a39_1.8593febdac160a75626533731a5af5a6.jpeg?odnWidth=1000&odnHeight=1000&odnBg=ffffff 2x",$14.38
179652754,The Lands of Ice and Fire (A Game of Thrones) : Maps from King's Landing to Across the Narrow Sea,5.0,1,"//i5.walmartimages.com/asr/f6b20bf5-270d-4753-a532-ef4b299b7d91_1.31e95220d4911bdb355a8ed71c9d5066.jpeg?odnWidth=612&odnHeight=612&odnBg=ffffff 1x, //i5.walmartimages.com/asr/f6b20bf5-270d-4753-a532-ef4b299b7d91_1.31e95220d4911bdb355a8ed71c9d5066.jpeg?odnWidth=1000&odnHeight=1000&odnBg=ffffff 2x",$28.45
45763027,A Knight of the Seven Kingdoms,4.3,21,"//i5.walmartimages.com/asr/1b94c145-a6fd-47a7-88f5-019b14a63976_1.9aa2a865b5925c4a90e511f45304b5d1.jpeg?odnWidth=612&odnHeight=612&odnBg=ffffff 1x, //i5.walmartimages.com/asr/1b94c145-a6fd-47a7-88f5-019b14a63976_1.9aa2a865b5925c4a90e511f45304b5d1.jpeg?odnWidth=1000&odnHeight=1000&odnBg=ffffff 2x",$26.88
20664828,"George R. R. Martin's A Game of Thrones 5-Book Boxed Set (Song of Ice and Fire Series) : A Game of Thrones, A Clash of Kings, A Storm of Swords, A Feast for Crows, and A Dance with Dragons",4.2,15,"//i5.walmartimages.com/asr/2994de6c-33f4-45de-b2b4-e0ee070155ea_1.dcd75cf95cfa86c105e001f38bff031d.jpeg?odnWidth=612&odnHeight=612&odnBg=ffffff 1x, //i5.walmartimages.com/asr/2994de6c-33f4-45de-b2b4-e0ee070155ea_1.dcd75cf95cfa86c105e001f38bff031d.jpeg?odnWidth=1000&odnHeight=1000&odnBg=ffffff 2x",$62.10
558407191,Fire and Blood,0,0,"//i5.walmartimages.com/asr/4db4ead4-5527-4e86-b0a8-bf230c8fd89e.21cf2842c12d1044098f68eda90e66d5.jpeg?odnWidth=612&odnHeight=612&odnBg=ffffff 1x, //i5.walmartimages.com/asr/4db4ead4-5527-4e86-b0a8-bf230c8fd89e.21cf2842c12d1044098f68eda90e66d5.jpeg?odnWidth=1000&odnHeight=1000&odnBg=ffffff 2x",$15.74
156337036,Fire & Ice: Love Songs from 16th Century Venice,0,0,"//i5.walmartimages.com/asr/e0cbcae4-1fa5-4f6f-ba95-00f3fd1082c9_1.188c80b944670876e8f7b004f7ee4c73.jpeg?odnWidth=612&odnHeight=612&odnBg=ffffff 1x, //i5.walmartimages.com/asr/e0cbcae4-1fa5-4f6f-ba95-00f3fd1082c9_1.188c80b944670876e8f7b004f7ee4c73.jpeg?odnWidth=1000&odnHeight=1000&odnBg=ffffff 2x",$33.00
250685392,A Storm of Swords: The Illustrated Edition : The Illustrated Edition,0,0,"//i5.walmartimages.com/asr/af8d4eee-12ae-49ed-813e-db46b3cfcb37_1.adab7cf227e2b4021c17f8c343513525.jpeg?odnWidth=612&odnHeight=612&odnBg=ffffff 1x, //i5.walmartimages.com/asr/af8d4eee-12ae-49ed-813e-db46b3cfcb37_1.adab7cf227e2b4021c17f8c343513525.jpeg?odnWidth=1000&odnHeight=1000&odnBg=ffffff 2x",$36.00
744207475,Fire & Blood : 300 Years Before A Game of Thrones (A Targaryen History),0,0,"//i5.walmartimages.com/asr/6acc61c7-1cbc-4764-8058-b4a0b6fcff7b_1.9778ab7b35a0a35db1fe860a22e37b6f.jpeg?odnWidth=612&odnHeight=612&odnBg=ffffff 1x, //i5.walmartimages.com/asr/6acc61c7-1cbc-4764-8058-b4a0b6fcff7b_1.9778ab7b35a0a35db1fe860a22e37b6f.jpeg?odnWidth=1000&odnHeight=1000&odnBg=ffffff 2x",$39.37
873454506,Storm of Swords,4.6,199,"//i5.walmartimages.com/asr/4e9e83a2-1096-4c55-865c-a23eb2c10452_1.13fbe3c44e3e5727dafbfec16bcc757e.jpeg?odnWidth=612&odnHeight=612&odnBg=ffffff 1x, //i5.walmartimages.com/asr/4e9e83a2-1096-4c55-865c-a23eb2c10452_1.13fbe3c44e3e5727dafbfec16bcc757e.jpeg?odnWidth=1000&odnHeight=1000&odnBg=ffffff 2x",$45.34
267784887,Fire & Blood : 300 Years Before a Game of Thrones (a Targaryen History),4.3,12,"//i5.walmartimages.com/asr/58b20c49-4e35-491b-a218-d73cbee08f45_1.9c66f02a6bfa04e0ddeca9514fae849d.jpeg?odnWidth=612&odnHeight=612&odnBg=ffffff 1x, //i5.walmartimages.com/asr/58b20c49-4e35-491b-a218-d73cbee08f45_1.9c66f02a6bfa04e0ddeca9514fae849d.jpeg?odnWidth=1000&odnHeight=1000&odnBg=ffffff 2x",$25.22
437654922,A Clash Of Kings Illustrated ed,0,0,"//i5.walmartimages.com/asr/37a53145-c458-44d3-bbec-4fb56da6ec88_1.8a596f3952a1b368985cbc0d04d726a6.jpeg?odnWidth=612&odnHeight=612&odnBg=ffffff 1x, //i5.walmartimages.com/asr/37a53145-c458-44d3-bbec-4fb56da6ec88_1.8a596f3952a1b368985cbc0d04d726a6.jpeg?odnWidth=1000&odnHeight=1000&odnBg=ffffff 2x",$47.20
196457139,Game of Thrones Paperback Boxed Set (Mass Market Paperback),4.7,111,"//i5.walmartimages.com/asr/eb294d83-46cf-428a-ae8d-6760be2a5bd5_1.dcd75cf95cfa86c105e001f38bff031d.jpeg?odnWidth=612&odnHeight=612&odnBg=ffffff 1x, //i5.walmartimages.com/asr/eb294d83-46cf-428a-ae8d-6760be2a5bd5_1.dcd75cf95cfa86c105e001f38bff031d.jpeg?odnWidth=1000&odnHeight=1000&odnBg=ffffff 2x",$30.13
481511991,A Feast for Crows - Audiobook,0,0,"//i5.walmartimages.com/asr/5e67a689-f99d-4aa9-8498-2e2a5e9153a9.2e7d8dca7dfcbfdb24e6d040a4863708.jpeg?odnWidth=612&odnHeight=612&odnBg=ffffff 1x, //i5.walmartimages.com/asr/5e67a689-f99d-4aa9-8498-2e2a5e9153a9.2e7d8dca7dfcbfdb24e6d040a4863708.jpeg?odnWidth=1000&odnHeight=1000&odnBg=ffffff 2x",$45.00
21139472,Night's Watch,0,0,"//i5.walmartimages.com/asr/13fbd86f-f2aa-41ae-90e3-671112d790fa_1.3eb5673eb6999273ba049f40dba042d3.jpeg?odnWidth=612&odnHeight=612&odnBg=ffffff 1x, //i5.walmartimages.com/asr/13fbd86f-f2aa-41ae-90e3-671112d790fa_1.3eb5673eb6999273ba049f40dba042d3.jpeg?odnWidth=1000&odnHeight=1000&odnBg=ffffff 2x",$17.15
24838729,The Wit & Wisdom of Tyrion Lannister,2.8,6,"//i5.walmartimages.com/asr/8dadfc10-ee7a-4fd5-bcf8-66138e672870_1.9a1e80450d64342e96208e6d1859be0e.jpeg?odnWidth=612&odnHeight=612&odnBg=ffffff 1x, //i5.walmartimages.com/asr/8dadfc10-ee7a-4fd5-bcf8-66138e672870_1.9a1e80450d64342e96208e6d1859be0e.jpeg?odnWidth=1000&odnHeight=1000&odnBg=ffffff 2x",$13.03
513869915,Fuego y Sangre - Audiobook,0,0,"//i5.walmartimages.com/asr/89381b66-50d0-46c3-a969-2ed76c11a218_1.a4e9c2a917245d850e02392b6f84ba7d.jpeg?odnWidth=612&odnHeight=612&odnBg=ffffff 1x, //i5.walmartimages.com/asr/89381b66-50d0-46c3-a969-2ed76c11a218_1.a4e9c2a917245d850e02392b6f84ba7d.jpeg?odnWidth=1000&odnHeight=1000&odnBg=ffffff 2x",$45.00
